{
  "project_info": {
    "project_number": "1074233861129",
    "project_id": "beauty-appointment",
    "storage_bucket": "beauty-appointment.appspot.com"
  },
  "client": [
    {
      "client_info": {
        "mobilesdk_app_id": "1:1074233861129:android:1ebc8ae6884941a27a44d8",
        "android_client_info": {
          "package_name": "uk.ac.tees.mad.d3901263"
        }
      },
      "oauth_client": [
        {
          "client_id": "1074233861129-d379qv4lvmq90f2eli0j8phdllmlvivb.apps.googleusercontent.com",
          "client_type": 1,
          "android_info": {
            "package_name": "uk.ac.tees.mad.d3901263",
            "certificate_hash": "50142d843a625db3db251955a702b560ad8b2392"
          }
        },
        {
          "client_id": "1074233861129-nlhpnptvn269ef97m25e70l7j4t9qp31.apps.googleusercontent.com",
          "client_type": 3
        }
      ],
      "api_key": [
        {
          "current_key": "AIzaSyAD-KWTsKOuLg5qcT2SPS3E7YxKUImAHjA"
        }
      ],
      "services": {
        "appinvite_service": {
          "other_platform_oauth_client": [
            {
              "client_id": "1074233861129-nlhpnptvn269ef97m25e70l7j4t9qp31.apps.googleusercontent.com",
              "client_type": 3
            }
          ]
        }
      }
    }
  ],
  "configuration_version": "1"
}